<?xml version="1.0" encoding="UTF-8" standalone="no"?>
<!DOCTYPE properties SYSTEM "http://java.sun.com/dtd/properties.dtd">
<properties>
    <comment/>
    <entry key="insertUser">
        INSERT INTO USER_INFO VALUES
        ( ?, ?, ?, ?, ? );
    </entry>
    <entry key="selectAllUser">
        SELECT *
         FROM USER_INFO;
    </entry>
    <entry key="selectUserName">
        SELECT *
         FROM USER_INFO
        WHERE USER_NAME = ?;
    </entry>
    <entry key="selectUserNo">
        SELECT *
         FROM USER_INFO
        WHERE USER_NO = ?;
    </entry>

    <entry key="selectUserPhone">
        SELECT *
        FROM USER_INFO
        WHERE USER_PHONE = ?;
    </entry>

    <entry key="selectUserNameAndPhone">
        SELECT
            USER_NAME,
            USER_PHONE
         FROM USER_INFO ;
    </entry>
    <entry key="selectLastUserNo">
        SELECT MAX(USER_NO)
        FROM USER_INFO
    </entry>

    <entry key="deleteUserInfo">
        DELETE
        FROM USER_INFO
        WHERE USER_NO = ?;
    </entry>
    <entry key="updateUserInfo">
        UPDATE USER_INFO
        SET
           USER_NAME = ? ,
           USER_PHONE = ? ,
           CUSTOMER_EMAIL = ? ,
           CUSTOMER_ADDR = ?

        WHERE USER_NO = ?;
    </entry>

</properties>
